insert into pizza_info (id, img_url, name) values (1, '/0001.jpg', 'Пицца Пеперони с  томатами')

insert into pizza_info_ingridients (pizza_info_id, ingridients) values (1, 'моцарелла')
insert into pizza_info_ingridients (pizza_info_id, ingridients) values (1, 'пеперони')
insert into pizza_info_ingridients (pizza_info_id, ingridients) values (1, 'помидоры')
insert into pizza_info_ingridients (pizza_info_id, ingridients) values (1, 'соус барбекю')

insert into pizza_info_price_per_weight (pizza_info_id, price, size) values (1, '90', '22')
insert into pizza_info_price_per_weight (pizza_info_id, price, size) values (1, '150', '30')
insert into pizza_info_price_per_weight (pizza_info_id, price, size) values (1, '189', '36')

insert into pizza_info (id, img_url, name) values (2, '/0002.jpg', 'Пицца Техас')

insert into pizza_info_ingridients (pizza_info_id, ingridients) values (2, 'кукуруза')
insert into pizza_info_ingridients (pizza_info_id, ingridients) values (2, 'моцарелла')
insert into pizza_info_ingridients (pizza_info_id, ingridients) values (2, 'лук')
insert into pizza_info_ingridients (pizza_info_id, ingridients) values (2, 'грибы')
insert into pizza_info_ingridients (pizza_info_id, ingridients) values (2, 'колбаски баварские')
insert into pizza_info_ingridients (pizza_info_id, ingridients) values (2, 'соус барбекю')

insert into pizza_info_price_per_weight (pizza_info_id, price, size) values (2, '80', '22')
insert into pizza_info_price_per_weight (pizza_info_id, price, size) values (2, '154', '30')
insert into pizza_info_price_per_weight (pizza_info_id, price, size) values (2, '189', '36')

insert into pizza_info (id, img_url, name) values (3, '/0003.jpg', 'Пицца Гавайская')

insert into pizza_info_ingridients (pizza_info_id, ingridients) values (3, 'курица')
insert into pizza_info_ingridients (pizza_info_id, ingridients) values (3, 'моцарелла')
insert into pizza_info_ingridients (pizza_info_id, ingridients) values (3, 'ананас')
insert into pizza_info_ingridients (pizza_info_id, ingridients) values (3, 'фирменный соус')

insert into pizza_info_price_per_weight (pizza_info_id, price, size) values (3, '109', '22')
insert into pizza_info_price_per_weight (pizza_info_id, price, size) values (3, '169', '30')
insert into pizza_info_price_per_weight (pizza_info_id, price, size) values (3, '214', '36')

insert into pizza_info (id, img_url, name) values (4, '/0004.jpg', 'Пицца Прованс')

insert into pizza_info_ingridients (pizza_info_id, ingridients) values (4, 'моцарелла')
insert into pizza_info_ingridients (pizza_info_id, ingridients) values (4, 'бергадер блю')
insert into pizza_info_ingridients (pizza_info_id, ingridients) values (4, 'шинка')
insert into pizza_info_ingridients (pizza_info_id, ingridients) values (4, 'пеперони')
insert into pizza_info_ingridients (pizza_info_id, ingridients) values (4, 'помидоры')
insert into pizza_info_ingridients (pizza_info_id, ingridients) values (4, 'соус альфредо')

insert into pizza_info_price_per_weight (pizza_info_id, price, size) values (4, '129', '22')
insert into pizza_info_price_per_weight (pizza_info_id, price, size) values (4, '194', '30')
insert into pizza_info_price_per_weight (pizza_info_id, price, size) values (4, '224', '36')

insert into pizza_info (id, img_url, name) values (5, '/0005.jpg', 'Пицца Пеперони блюз')

insert into pizza_info_ingridients (pizza_info_id, ingridients) values (5, 'моцарелла')
insert into pizza_info_ingridients (pizza_info_id, ingridients) values (5, 'бергадер блю')
insert into pizza_info_ingridients (pizza_info_id, ingridients) values (5, 'пеперони')
insert into pizza_info_ingridients (pizza_info_id, ingridients) values (5, 'соус альфредо')

insert into pizza_info_price_per_weight (pizza_info_id, price, size) values (5, '109', '22')
insert into pizza_info_price_per_weight (pizza_info_id, price, size) values (5, '164', '30')
insert into pizza_info_price_per_weight (pizza_info_id, price, size) values (5, '214', '36')

insert into pizza_info (id, img_url, name) values (6, '/0006.jpg', 'Пицца Пять сыров')

insert into pizza_info_ingridients (pizza_info_id, ingridients) values (6, 'фета')
insert into pizza_info_ingridients (pizza_info_id, ingridients) values (6, 'моцарелла')
insert into pizza_info_ingridients (pizza_info_id, ingridients) values (6, 'пармезан')
insert into pizza_info_ingridients (pizza_info_id, ingridients) values (6, 'бергадер блю')
insert into pizza_info_ingridients (pizza_info_id, ingridients) values (6, 'соус альфредо')
insert into pizza_info_ingridients (pizza_info_id, ingridients) values (6, 'чедер')

insert into pizza_info_price_per_weight (pizza_info_id, price, size) values (6, '164', '22')
insert into pizza_info_price_per_weight (pizza_info_id, price, size) values (6, '234', '30')
insert into pizza_info_price_per_weight (pizza_info_id, price, size) values (6, '269', '36')